{
  "summary": "EvoJump Demo Results",
  "data_info": {
    "n_samples": 1050,
    "time_range": [
      0.0,
      20.0
    ]
  },
  "model_params": {
    "equilibrium": 0.4004991976817219,
    "reversion_speed": 0.1287973322915677,
    "jump_intensity": 0.0
  },
  "cross_section_results": {
    "5.0": {
      "mean": 5.564888161272787,
      "std": 0.9203745901138826
    },
    "10.0": {
      "mean": 3.418727026622112,
      "std": 1.2269295828884046
    },
    "15.0": {
      "mean": 2.157312760553845,
      "std": 0.9795200033918622
    },
    "20.0": {
      "mean": 0.9723831129657631,
      "std": 1.297500629958858
    }
  }
}